名称,功效
阿魏,消积，化癥，散痞，杀虫。用于肉食积滞，瘀血癥瘕，腹中痞块，虫积腹痛。
阿胶,补血滋阴，润燥，止血。用于血虚萎黄，眩晕心悸，肌痿无力，心烦不眠，虚风内动，肺燥咳嗽，劳嗽咯血，吐血尿血，便血崩漏，妊娠胎漏。
艾叶,温经止血，散寒止痛；外用祛湿止痒。用于吐血，衄血，崩漏，月经过多，胎漏下血，少腹冷痛，经寒不调，宫冷不孕；外治皮肤瘙痒。醋艾炭温经止血，用于虚寒性出血。
人工牛黄,清热解毒，化痰定惊。用于痰热谵狂，神昏不语，小儿急惊风，咽喉肿痛，口舌生疮，痛肿疗疮。
安息香,开窍醒神，行气活血，止痛。用于中风痰厥，气郁暴厥，中恶昏迷，心腹疼痛，产后血晕，小儿惊风。
八角茴香,温阳散寒，理气止痛。用于寒疝腹痛，肾虚腰痛，胃寒呕吐，脘腹冷痛。
满山红,止咳祛痰。用于咳嗽气喘痰多。
预知子,疏肝理气，活血止痛，散结，利尿。用于脘胁胀痛，痛经经闭，痰核痞块，小便不利。
巴豆,外用蚀疮。用于恶疮疥癣，疣痣。
人参,大补元气，复脉固脱，补脾益肺，生津养血，安神益智。用于体虚欲脱，肢冷脉微，脾虚食少，肺虚喘咳，津伤口渴，内热消渴，气血亏虚，久病虚羸，惊悸失眠，阳痿宫冷。
巴戟天,补肾阳，强筋骨，祛风湿。用于阳痿遗精，宫冷不孕，月经不调，少腹冷痛，风湿痹痛，筋骨痿软。
白扁豆,健脾化湿，和中消暑。用于脾胃虚弱，食欲不振，大便溏泻，白带过多，暑湿吐泻，胸闷腹胀。炒白扁豆健脾化湿。用于脾虚泄泻，白带过多。
连钱草,利湿通淋，清热解毒，散瘀消肿。用于热淋，石淋，湿热黄疸，疮痈肿痛，跌打损伤。
豆蔻,化湿行气，温中止呕，开胃消食。用于湿浊中阻，不思饮食，湿温初起，胸闷不饥，寒湿呕逆，胸腹胀痛，食积不消。
附子,回阳救逆，补火助阳，散寒止痛。用于亡阳虚脱，肢冷脉微，心阳不足，胸痹心痛，虚寒吐泻，脘腹冷痛，肾阳虚衰，阳痿宫冷，阴寒水肿，阳虚外感，寒湿痹痛。
白果,敛肺定喘，止带缩尿。用于痰多喘咳，带下白浊，遗尿尿频。
蓍草,解毒利湿，活血止痛。用于乳蛾咽痛，泄泻痢疾，肠痈腹痛，热淋涩痛，湿热带下，蛇虫咬伤。
胡椒,温中散寒，下气，消痰。用于胃寒呕吐，腹痛泄泻，食欲不振，癫痫痰多。
金钱白花蛇,祛风，通络，止痉。用于风湿顽痹，麻木拘挛，中风口眼哨斜，半身不遂，抽搐痉挛，破伤风，麻风，疥癣。
白及,收敛止血，消肿生肌。用于咯血，吐血，外伤出血，疮疡肿毒，皮肤皲裂。
蒺藜,平肝解郁，活血祛风，明目，止痒。用于头痛眩晕，胸胁胀痛，乳闭乳痈，目赤翳障，风疹瘙痒。
莲子,补脾止泻，止带，益肾涩精，养心安神。用于脾虚泄泻，带下，遗精，心悸失眠。
白蔹,清热解毒，消痈散结，敛疮生肌。用于痈疽发背，疔疮，瘰疬，烧烫伤。
白茅根,凉血止血，清热利尿。用于血热吐血，衄血，尿血，热病烦渴，湿热黄疸，水肿尿少，热淋涩痛。
白前,降气，消痰，止咳。用于肺气壅实，咳嗽痰多，胸满喘急。
白芍,养血调经，敛阴止汗，柔肝止痛，平抑肝阳。用于血虚萎黄，月经不调，自汗，盗汗，胁痛，腹痛，四肢挛痛，头痛眩晕。
白术,健脾益气，燥湿利水，止汗，安胎。用于脾虚食少，腹胀泄泻，痰饮眩悸，水肿，自汗，胎动不安。
牡荆叶,祛痰，止咳，平喘。用于咳嗽痰多。
白头翁,清热解毒，凉血止痢。用于热毒血痢，阴痒带下。
白薇,清热凉血，利尿通淋，解毒疗疮。用于温邪伤营发热，阴虚发热，骨蒸劳热，产后血虚发热，热淋，血淋，痈疽肿毒。
白鲜皮,清热燥湿，祛风解毒。用于湿热疮毒，黄水淋漓，湿疹，风疹，疥癣疮癞，风湿热痹，黄疸尿赤。
白芷,解表散寒，祛风止痛，宣通鼻窍，燥湿止带，消肿排脓。用于感冒头痛，眉棱骨痛，鼻塞流涕，鼻鼽，鼻渊，牙痛，带下，疮疡肿痛。
百部,润肺下气止咳，杀虫灭虱。用于新久咳嗽，肺痨咳嗽，顿咳；外用于头虱，体虱，蛲虫病，阴痒。蜜百部润肺止咳。用于阴虚劳嗽。
百合,养阴润肺，清心安神。用于阴虚燥咳，劳嗽咳血，虚烦惊悸，失眠多梦，精神恍惚。
柏子仁,养心安神，润肠通便，止汗。用于阴血不足，虚烦失眠，心悸怔忡，肠燥便秘，阴虚盗汗。
斑蝥,破血逐瘀，散结消癥，攻毒蚀疮。用于癥瘕，经闭，顽癣，瘰疬，赘疣，痈疽不溃，恶疮死肌。
板蓝根,清热解毒，凉血利咽。用于温疫时毒，发热咽痛，温毒发斑，痄腮，烂喉丹痧，大头瘟疫，丹毒，痈肿。
半边莲,清热解毒，利尿消肿。用于痈肿疔疮，蛇虫咬伤，臌胀水肿，湿热黄疸，湿疹湿疮。
半枝莲,清热解毒，化瘀利尿。用于疔疮肿毒，咽喉肿痛，跌扑伤痛，水肿，黄疸，蛇虫咬伤。
北沙参,养阴清肺，益胃生津。用于肺热燥咳，劳嗽痰血，胃阴不足，热病津伤，咽干口渴。
荜茇,温中散寒，下气止痛。用于脘腹冷痛，呕吐，泄泻，寒凝气滞，胸痹心痛，头痛，牙痛。
蓖麻子,泻下通滞，消肿拔毒。用于大便燥结，痈疽肿毒，喉痹，瘰疬。
湖北贝母,清热化痰，止咳，散结。用于热痰咳嗽，瘰疬痰核，痈肿疮毒。
滑石粉,利尿通淋，清热解暑；外用祛湿敛疮。用于热淋，石淋，尿热涩痛，暑湿烦渴，湿热水泻；外治湿疹，湿疮，痱子。
鳖甲,滋阴潜阳，退热除蒸，软坚散结。用于阴虚发热，骨蒸劳热，阴虚阳亢，头晕目眩，虚风内动，手足瘈疭，经闭，癥瘕，久疟疟母。
槟榔,杀虫，消积，行气，利水，截疟。用于绦虫病，蛔虫病，姜片虫病，虫积腹痛，积滞泻痢，里急后重，水肿脚气，疟疾。
冰片,开窍醒神，清热止痛。用于热病神昏、惊厥，中风痰厥，气郁暴厥，中恶昏迷，胸痹心痛，目赤，口疮，咽喉肿痛，耳道流脓。
筋骨草,清热解毒，凉血消肿。用于咽喉肿痛，肺热咯血，跌打肿痛。
薄荷,疏散风热，清利头目，利咽，透疹，疏肝行气。用于风热感冒，风温初起，头痛，目赤，喉痹，口疮，风疹，麻疹，胸胁胀闷。
辣椒,温中散寒，开胃消食。用于寒滞腹痛，呕吐，泻痢，冻疮。
补骨脂,温肾助阳，纳气平喘，温脾止泻；外用消风祛斑。用于肾阳不足，阳痿遗精，遗尿尿频，腰膝冷痛，肾虚作喘，五更泄泻；外用治白癜风，斑秃。
布渣叶,消食化滞，清热利湿。用于饮食积滞，感冒发热，湿热黄疸。
苍耳子,散风寒，通鼻窍，祛风湿。用于风寒头痛，鼻塞流涕，鼻鼽，鼻渊，风疹瘙痒，湿痹拘挛。
苍术,燥湿健脾，祛风散寒，明目。用于湿阻中焦，脘腹胀满，泄泻，水肿，脚气痿躄，风湿痹痛，风寒感冒，夜盲，眼目昏涩。
山麦冬,养阴生津，润肺清心。用于肺燥干咳，阴虚痨嗽，喉痹咽痛，津伤口渴，内热消渴，心烦失眠，肠燥便秘。
草豆蔻,燥湿行气，温中止呕。用于寒湿内阻，脘腹胀满冷痛，嗳气呕逆，不思饮食。
草果,燥湿温中，截疟除痰。用于寒湿内阻，脘腹胀痛，痞满呕吐，疟疾寒热，瘟疫发热。
拳参,清热解毒，消肿，止血。用于赤痢热泻，肺热咳嗽，痈肿瘰疬，口舌生疮，血热吐衄，痔疮出血，蛇虫咬伤。
决明子,清热明目，润肠通便。用于目赤涩痛，羞明多泪，头痛眩晕，目暗不明，大便秘结。
肿节风,清热凉血，活血消斑，祛风通络。用于血热发斑发疹，风湿痹痛，跌打损伤。
草乌,祛风除湿，温经止痛。用于风寒湿痹，关节疼痛，心腹冷痛，寒疝作痛及麻醉止痛。
侧柏叶,凉血止血，化痰止咳，生发乌发。用于吐血，衄血，咯血，便血，崩漏下血，肺热咳嗽，血热脱发，须发早白。
黑种草子,补肾健脑，通经，通乳，利尿。用于耳鸣健忘，经闭乳少，热淋，石淋。
柴胡,疏散退热，疏肝解郁，升举阳气。用于感冒发热，寒热往来，胸胁胀痛，月经不调，子宫脱垂，脱肛。
蕤仁,疏风散热，养肝明目。用于目赤肿痛，睑弦赤烂，目暗羞明。
蛤壳,清热化痰，软坚散结，制酸止痛；外用收湿敛疮。用于痰火咳嗽，胸胁疼痛，痰中带血，瘰疬瘿瘤，胃痛吞酸；外治湿疹，烫伤。
山香圆叶,清热解毒，利咽消肿，活血止痛。用于乳蛾喉痹，咽喉肿痛，疮疡肿毒，跌扑伤痛。
蝉蜕,疏散风热，利咽，透疹，明目退翳，解痉。用于风热感冒，咽痛音哑，麻疹不透，风瘆瘙痒，目赤翳障，惊风抽搐，破伤风。
蟾酥,解毒，止痛，开窍醒神。用于痈疽疔疮，咽喉肿痛，中暑神昏，痧胀腹痛吐泻。
常山,涌吐痰涎，截疟。用于痰饮停聚，胸膈痞塞，疟疾。
车前子,清热利尿通淋，渗湿止泻，明目，祛痰。用于热淋涩痛，水肿胀满，暑湿泄泻，目赤肿痛，痰热咳嗽。
沉香,行气止痛，温中止呕，纳气平喘。用于胸腹胀闷疼痛，胃寒呕吐呃逆，肾虚气逆喘急。
朱砂,清心镇惊，安神，明目，解毒。用于心悸易惊，失眠多梦，癫痫发狂，小儿惊风，视物昏花，口疮，喉痹，疮疡肿毒。
陈皮,理气健脾，燥湿化痰。用于脘腹胀满，食少吐泻，咳嗽痰多。
赤芍,清热凉血，散瘀止痛。用于热入营血，温毒发斑，吐血衄血，目赤肿痛，肝郁胁痛，经闭痛经，癥瘕腹痛，跌扑损伤，痈肿疮疡。
赤石脂,涩肠，止血，生肌敛疮。用于久泻久痢，大便出血，崩漏带下；外治疮疡久溃不敛，湿疮脓水浸淫。
赤小豆,利水消肿，解毒排脓。用于水肿胀满，脚气浮肿，黄疸尿赤，风湿热痹，痈肿疮毒，肠痈腹痛。
茺蔚子,活血调经，清肝明目。用于月经不调，经闭痛经，目赤翳障，头晕胀痛。
楮实子,补肾清肝，明目，利尿。用于肝肾不足，腰膝酸软，虚劳骨蒸，头晕目昏，目生翳膜，水肿胀满。
紫萁贯众,清热解毒，止血，杀虫。用于疫毒感冒，热毒泻痢，痈疮肿毒，吐血，衄血，便血，崩漏，虫积腹痛。
冬虫夏草,补肾益肺，止血化痰。用于肾虚精亏，阳痿遗精，腰膝酸痛，久咳虚喘，劳嗽咯血。
花椒,温中止痛，杀虫止痒。用于脘腹冷痛，呕吐泄泻，虫积腹痛；外治湿疹，阴痒。
苦楝皮,杀虫，疗癣。用于蛔虫病，蛲虫病，虫积腹痛；外治疥癣瘙痒。
川楝子,疏肝泄热，行气止痛，杀虫。用于肝郁化火，胸胁、脘腹胀痛，疝气疼痛，虫积腹痛。
川木香,行气止痛。用于胸胁、脘腹胀痛，肠鸣腹泻，里急后重。
川牛膝,逐瘀通经，通利关节，利尿通淋。用于经闭癥瘕，胞衣不下，跌扑损伤，风湿痹痛，足痿筋挛，尿血血淋。
制川乌,祛风除湿，温经止痛。用于风寒湿痹，关节疼痛，心腹冷痛，寒疝作痛及麻醉止痛。
川贝母,清热润肺，化痰止咳，散结消痈。用于肺热燥咳，干咳少痰，阴虚劳嗽，痰中带血，瘰疬，乳痈，肺痈。
川乌,祛风除湿，温经止痛。用于风寒湿痹，关节疼痛，心腹冷痛，寒疝作痛及麻醉止痛。
川芎,活血行气，祛风止痛。用于胸痹心痛，胸胁刺痛，跌扑肿痛，月经不调，经闭痛经，癥瘕腹痛，头痛，风湿痹痛。
穿山龙,祛风除湿，舒筋通络，活血止痛，止咳平喘。用于风湿痹病，关节肿胀，疼痛麻木，跌扑损伤，闪腰岔气，咳嗽气喘。
穿心莲,清热解毒，凉血，消肿。用于感冒发热，咽喉肿痛，口舌生疮，顿咳劳嗽，泄泻痢疾，热淋涩痛，痈肿疮疡，蛇虫咬伤。
紫花前胡,降气化痰，散风清热。用于痰热喘满，咯痰黄稠，风热咳嗽痰多。
翼首草,解毒除瘟，清热止痢，祛风通痹。
垂盆草,利湿退黄，清热解毒。用于湿热黄疸，小便不利，痈肿疮疡。
椿皮,清热燥湿，收涩止带，止泻，止血。用于赤白带下，湿热泻痢，久泻久痢，便血，崩漏。
麝香,开窍醒神，活血通经，消肿止痛。用于热病神昏，中风痰厥，气郁暴厥，中恶昏迷，经闭，癥瘕，难产死胎，胸痹心痛，心腹暴痛，跌扑伤痛，痹痛麻木，痈肿瘰疬，咽喉肿痛。
磁石,镇惊安神，平肝潜阳，聪耳明目，纳气平喘。用于惊悸失眠，头晕目眩，视物昏花，耳鸣耳聋，肾虚气喘。
刺五加,益气健脾，补肾安神。用于脾肺气虚，体虚乏力，食欲不振，肺肾两虚，久咳虚喘，肾虚腰膝酸痛，心脾不足，失眠多梦。
大蒜,解毒消肿，杀虫，止痢。用于痈肿疮疡，疥癣，肺痨，顿咳，泄泻，痢疾。
大腹皮,行气宽中，行水消肿。用于湿阻气滞，脘腹胀闷，大便不爽，水肿胀满，脚气浮肿，小便不利。
大黄,泻下攻积，清热泻火，凉血解毒，逐瘀通经，利湿退黄。用于实热积滞便秘，血热吐衄，目赤咽肿，痈肿疔疮，肠痈腹痛，瘀血经闭，产后瘀阻，跌打损伤，湿热痢疾，黄疸尿赤，淋证，水肿；外治烧烫伤。酒大黄善清上焦血分热毒，用于目赤咽肿、齿龈肿痛。熟大黄泻下力缓、泻火解毒，用于火毒疮疡。大黄炭凉血化瘀止血，用于血热有瘀出血症。
大蓟,凉血止血，散瘀解毒消痈。用于衄血，吐血，尿血，便血，崩漏，外伤出血，痈肿疮毒。
萹蓄,利尿通淋，杀虫，止痒。用于热淋涩痛，小便短赤，虫积腹痛，皮肤湿疹，阴痒带下。
木贼,疏散风热，明目退翳。用于风热目赤，迎风流泪，目生云翳。
绵萆薢,利湿去浊，祛风除痹。用于膏淋，白浊，白带过多，风湿痹痛，关节不利，腰膝疼痛。
大青叶,清热解毒，凉血消斑。用于温病高热，神昏，发斑发疹，痄腮，喉痹，丹毒，痈肿。
丹参,活血祛瘀，通经止痛，清心除烦，凉血消痈。用于胸痹心痛，脘腹胁痛，癥瘕积聚，热痹疼痛，心烦不眠，月经不调，痛经经闭，疮疡肿痛。
胆南星,清热化痰，息风定惊。用于痰热咳嗽，咯痰黄稠，中风痰迷，癫狂惊痫。
淡豆豉,解表，除烦，宣发郁热。用于感冒，寒热头痛，烦躁胸闷，虚烦不眠。
淡竹叶,清热泻火，除烦止渴，利尿通淋。用于热病烦渴，小便短赤涩痛，口舌生疮。
当归,补血活血，调经止痛，润肠通便。用于血虚萎黄，眩晕心悸，月经不调，经闭痛经，虚寒腹痛，风湿痹痛，跌扑损伤，痈疽疮疡，肠燥便秘。酒当归活血通经。用于经闭痛经，风湿痹痛，跌扑损伤。
党参,健脾益肺，养血生津。用于脾肺气虚，食少倦怠，咳嗽虚喘，气血不足，面色萎黄，心悸气短，津伤口渴，内热消渴。
刀豆,温中，下气，止呃。用于虚寒呃逆，呕吐。
灯心草,清心火，利小便。用于心烦失眠，尿少涩痛，口舌生疮。
苦地丁,清热解毒，散结消肿。用于时疫感冒，咽喉肿痛，疔疮肿痛，痈疽发背，痄腮丹毒。
地肤子,清热利湿，祛风止痒。用于小便涩痛，阴痒带下，风疹，湿疹，皮肤瘙痒。
地骨皮,凉血除蒸，清肺降火。用于阴虚潮热，骨蒸盗汗，肺热咳嗽，咯血，衄血，内热消渴。
地锦草,清热解毒，凉血止血，利湿退黄。用于痢疾，泄泻，咯血，尿血，便血，崩漏，疮疖痈肿，湿热黄疸。
地龙,清热定惊，通络，平喘，利尿。用于高热神昏，惊痫抽搐，关节痹痛，肢体麻木，半身不遂，肺热喘咳，水肿尿少。
地榆,凉血止血，解毒敛疮。用于便血，痔血，血痢，崩漏，水火烫伤，痈肿疮毒。
体外培育牛黄,清心，豁痰，开窍，凉肝，息风，解毒。用于热病神昏，中风痰迷，惊痫抽搐，癫痫发狂，咽喉肿痛，口舌生疮，痈肿疔疮。
冬瓜皮,利尿消肿。用于水肿胀满，小便不利，暑热口渴，小便短赤。
冬葵果,清热利尿，消肿。用于尿闭，水肿，口渴；尿路感染。
冬凌草,清热解毒，活血止痛。用于咽喉肿痛，癥瘕痞块，蛇虫咬伤。
猪胆粉,清热润燥，止咳平喘，解毒。用于顿咳，哮喘，热病燥渴，目赤，喉痹，黄疸，泄泻，痢疾，便秘，痈疮肿毒。
绵马贯众炭,收涩止血。用于崩漏下血。
杜仲,补肝肾，强筋骨，安胎。用于肝肾不足，腰膝酸痛，筋骨无力，头晕目眩，妊娠漏血，胎动不安。
莪术,行气破血，消积止痛。用于癥瘕痞块，瘀血经闭，胸痹心痛，食积胀痛。
鹅不食草,发散风寒，通鼻窍，止晐。用于风寒头痛，咳嗽痰多，鼻塞不通，鼻渊流涕。
儿茶,活血止痛，止血生肌，收湿敛疮，清肺化痰。用于跌扑伤痛，外伤出血，吐血衄血，疮疡不敛，湿疹、湿疮，肺热咳嗽。
番泻叶,泻热行滞，通便，利水。用于热结积滞，便秘腹痛，水肿胀满。
防风,祛风解表，胜湿止痛，止痉。用于感冒头痛，风湿痹痛，风疹瘙痒，破伤风。
野木瓜,祛风止痛，舒筋活络。用于风湿痹痛，腰腿疼痛，头痛，牙痛，痛经，跌打伤痛。
防己,祛风止痛，利水消肿。用于风湿痹痛，水肿脚气，小便不利，湿疹疮毒。
飞扬草,清热解毒，利湿止痒，通乳。用于肺痈，乳痈，疔疮肿毒，牙疳，痢疾，泄泻，热淋，血尿，湿疹，脚癣，皮肤瘙痒，产后少乳。
菊苣,清肝利胆，健胃消食，利尿消肿。用于湿热黄疸，胃痛食少，水肿尿少。
野马追,化痰止咳平喘。用于痰多咳嗽气喘。
蜂房,攻毒杀虫，祛风止痛。用于疮疡肿毒，乳痈，瘰疬，皮肤顽癣，鹅掌风，牙痛，风湿痹痛。
蜂蜜,补中，润燥，止痛，解毒；外用生肌敛疮。用于脘腹虚痛，肺燥干咳，肠燥便秘，解乌头类药毒；外治疮疡不敛，水火烫伤。
佛手,疏肝理气，和胃止痛，燥湿化痰。用于肝胃气滞，胸胁胀痛，胃脘痞满，食少呕吐，咳嗽痰多。
茯苓,利水渗湿，健脾，宁心。用于水肿尿少，痰饮眩悸，脾虚食少，便溏泄泻，心神不安，惊悸失眠。
茯苓皮,利水消肿。用于水肿，小便不利。
覆盆子,益肾固精缩尿，养肝明目。用于遗精滑精，遗尿尿频，阳痿早泄，目暗昏花。
槲寄生,祛风湿，补肝肾，强筋骨，安胎元。用于风湿痹痛，腰膝酸软，筋骨无力，崩漏经多，妊娠漏血，胎动不安，头晕目眩。
干姜,温中散寒，回阳通脉，温肺化饮。用于脘腹冷痛，呕吐泄泻，肢冷脉微，寒饮喘咳。
干漆,破瘀通经，消积杀虫。用于瘀血经闭，癥瘕积聚，虫积腹痛。
甘草,补脾益气，清热解毒，祛痰止咳，缓急止痛，调和诸药。用于脾胃虚弱，倦怠乏力，心悸气短，咳嗽痰多，脘腹、四肢挛急疼痛，痈肿疮毒，缓解药物毒性、烈性。
甘松,理气止痛，开郁醒脾；外用祛湿消肿。用于脘腹胀满，食欲不振，呕吐；外用治牙痛，脚气肿毒。
菥蓂,清肝明目，和中利湿，解毒消肿。用于目赤肿痛，脘腹胀痛，胁痛，肠痈，水肿，带下，疮疖痈肿。
菝葜,利湿去浊、祛风除痹，解毒散瘀。用于小便淋浊，带下量多，风湿痹痛，疔疮痈肿。
甘遂,泻水逐饮，消肿散结。用于水肿胀满，胸腹积水，痰饮积聚，气逆咳喘，二便不利，风痰癲痫，痈肿疮毒。
青果,清热解毒，利咽，生津。用于咽喉肿痛，咳嗽痰黏，烦热口渴，鱼蟹中毒。
高良姜,温胃止呕，散寒止痛。用于脘腹冷痛，胃寒呕吐，嗳气吞酸。
藁本,祛风，散寒，除湿，止痛。用于风寒感冒，巅顶疼痛，风湿痹痛。
葛根,解肌退热，生津止渴，透疹，升阳止泻，通经活络，解酒毒。用于外感发热头痛，项背强痛，口渴，消渴，麻疹不透，热痢，泄泻，眩晕头痛，中风偏瘫，胸痹心痛，酒毒伤中。
黄藤,清热解毒，泻火通便。用于热毒内盛，便秘，泻痢，咽喉肿痛，目赤红肿，痈肿疮毒。
蛤蚧,补肺益肾，纳气定喘，助阳益精。用于肺肾不足，虚喘气促，劳嗽咳血，阳痿，遗精。
丁香,温中降逆，补肾助阳。用于脾胃虚寒，呃逆呕吐，食少吐泻，心腹冷痛，肾虚阳痿。
川射干,清热解毒，祛痰，利咽。用于热毒痰火郁结，咽喉肿痛，痰涎壅盛，咳嗽气喘。
钩藤,息风定惊，清热平肝。用于肝风内动，惊痫抽搐，高热惊厥，感冒夹惊，小儿惊啼，妊娠子痫，头痛眩晕。
狗脊,祛风湿，补肝肾，强腰膝。用于风湿痹痛，腰膝酸软，下肢无力。
黄蜀葵花,清利湿热，消肿解毒。用于湿热壅遏，淋浊水肿；外治痈疽肿毒，水火烫伤。
枸杞子,滋补肝肾，益精明目。用于虚劳精亏，腰膝酸痛，眩晕耳鸣，阳萎遗精，内热消渴，血虚萎黄，目昏不明。
谷精草,疏散风热，明目退翳。用于风热目赤，肿痛羞明，眼生翳膜，风热头痛。
罂粟壳,敛肺，涩肠，止痛。用于久咳，久泻，脱肛，脘腹疼痛。
瓜蒌皮,清热化痰，利气宽胸。用于痰热咳嗽，胸闷胁痛。
瓜蒌子,润肺化痰，滑肠通便。用于燥咳痰黏，肠燥便秘。
瓜子金,祛痰止咳，活血消肿，解毒止痛。用于咳嗽痰多，咽喉肿痛；外治跌打损伤，疔疮疖肿，蛇虫咬伤。
广东紫珠,收敛止血，散瘀，清热解毒。用于衄血，咯血，吐血，便血，崩漏，外伤出血，肺热咳嗽，咽喉肿痛，热毒疮疡，水火烫伤。
广枣,行气活血，养心，安神。用于气滞血瘀，胸痹作痛，心悸气短，心神不安。
绵马贯众,清热解毒，驱虫。用于虫积腹痛，疮疡。
榼藤子,补气补血，健胃消食，除风止痛，强筋硬骨。用于水血不足，面色苍白，四肢无力，脘腹疼痛，纳呆食少；风湿肢体关节痿软疼痛，性冷淡。
山豆根,清热解毒，消肿利咽。用于火毒蕴结，乳蛾喉痹，咽喉肿痛，齿龈肿痛，口舌生疮。
广藿香,芳香化浊，和中止呕，发表解暑。用于湿浊中阻，脘痞呕吐，暑湿表证，湿温初起，发热倦怠，胸闷不舒，寒湿闭暑，腹痛吐泻，鼻渊头痛。
山药,补脾养胃，生津益肺，补肾涩精。用于脾虚食少，久泻不止，肺虚喘咳，肾虚遗精，带下，尿频，虚热消渴。麸炒山药补脾健胃。用于脾虚食少，泄泻便溏，白带过多。
龟甲,滋阴潜阳，益肾强骨，养血补心，固经止崩。用于阴虚潮热，骨蒸盗汗，头晕目眩，虚风内动，筋骨痿软，心虚健忘，崩漏经多。
龟甲胶,滋阴，养血，止血。用于阴虚潮热，骨蒸盗汗，腰膝酸软，血虚萎黄，崩漏带下。
肉桂,补火助阳，引火归元，散寒止痛，温通经脉，用于阳瘘宫冷，腰膝冷痛，肾虚作喘，虚阳上浮，眩晕目赤，心腹冷痛，虚寒吐泻，寒疝腹痛，痛经经闭。
小叶莲,调经活血。用于血瘀经闭，难产，死胎、胎盘不下。
小通草,清热，利尿，下乳。用于小便不利，淋证，乳汁不下。
龙眼肉,补益心脾，养血安神。用于气血不足，心悸怔忡，健忘失眠，血虚萎黄。
桂枝,发汗解肌，温通经脉，助阳化气，平冲降气。用于风寒感冒，脘腹冷痛，血寒经闭，关节痹痛，痰饮，水肿，心悸，奔豚。
炙黄芪,益气补中。用于气虚乏力，食少便溏。
哈蟆油,补肾益精，养阴润肺。用于病后体弱，神疲乏力，心悸失眠，盗汗，痨嗽咳血。
海风藤,祛风湿，通经络，止痹痛。用于风寒湿痹，肢节疼痛，筋脉拘挛，屈伸不利。
黄山药,理气止痛，解毒消肿。用于胃痛，吐泻腹痛，跌打损伤；外治疮痈肿毒，瘰疬痰核。
海龙,温肾壮阳，散结消肿。用于肾阳不足，阳痿遗精，癥瘕积聚，瘰疬痰核，跌扑损伤；外治痈肿疔疮。
海马,温肾壮阳，散结消肿。用于阳痿，遗尿，肾虚作喘，癥瘕积聚，跌扑损伤；外治痈肿疔疮。
海螵蛸,收敛止血，涩精止带，制酸止痛，收湿敛疮。用于吐血衄血，崩漏便血，遗精滑精，赤白带下，胃痛吞酸；外治损伤出血，湿疹湿疮，溃疡不敛。
海藻,消痰软坚散结，利水消肿。用于癭瘤，瘰疬，睾丸肿痛，痰饮水肿。
半夏,燥湿化痰，降逆止呕，消痞散结。用于湿痰寒痰，咳喘痰多，痰饮眩悸，风痰眩晕，痰厥头痛，呕吐反胃，胸脘痞闷，梅核气；外治痈肿痰核。
墨旱莲,滋补肝肾，凉血止血。用于肝肾阴虚，牙齿松动，须发早白，眩晕耳鸣，腰膝酸软，阴虚血热吐血、衄血、尿血，血痢，崩漏下血，外伤出血。
诃子,涩肠止泻，敛肺止咳，降火利咽。用于久泻久痢，便血脱肛，肺虚喘咳，久嗽不止，咽痛音哑。
合欢皮,解郁安神，活血消肿。用于心神不安，忧郁失眠，肺痈，疮肿，跌扑伤痛。
何首乌,解毒，消痈，截疟，润肠通便。用于疮痈，瘰疬，风疹瘙痒，久疟体虚，肠燥便秘。
制何首乌,补肝肾，益精血，乌须发，强筋骨，化浊降脂。用于血虚萎黄，眩晕耳鸣，须发早白，腰膝酸软，肢体麻木，崩漏带下，高脂血症。
核桃仁,补肾，温肺，润肠。用于肾阳不足，腰膝酸软，阳痿遗精，虚寒喘嗽，肠燥便秘。
荷叶,清暑化湿，升发清阳，凉血止血。用于暑热烦渴，暑湿泄泻，脾虚泄泻，血热吐衄，便血崩漏。荷叶炭收涩化瘀止血。用于出血症和产后血晕。
鹤虱,杀虫消积。用于蛔虫病，蛲虫病，绦虫病，虫积腹痛，小儿疳积。
蜘蛛香,理气止痛，消食止泻，祛风除湿，镇惊安神。用于脘腹胀痛，食积不化，腹泻痢疾，风湿痹痛，腰膝酸软，失眠。
皂矾,解毒燥湿，杀虫补血。用于黄肿胀满，疳积久痢，肠风便血，血虚萎黄，湿疮疥癣，喉痹口疮。
马钱子粉,通络止痛，散结消肿。用于跌打损伤，骨折肿痛，风湿顽痹，麻木瘫痪，痈疽疮毒，咽喉肿痛。
通关藤,止咳平喘，祛痰，通乳，清热解毒。用于喘咳痰多，产后乳汁不通，风湿肿痛，疮痈。
黑芝麻,补肝肾，益精血，润肠燥。用于精血亏虚，头晕眼花，耳鸣耳聋，须发早白，病后脱发，肠燥便秘。
红参,大补元气，复脉固脱，益气摄血。用于体虚欲脱，肢冷脉微，气不摄血，崩漏下血。
天山雪莲,温肾助阳，祛风胜湿，通经活血。用于风寒湿痹痛、类风湿性关节炎，小腹冷痛，月经不调。
红豆蔻,散寒燥湿，醒脾消食。用于脘腹冷痛，食积胀满，呕吐泄泻，饮酒过多。
红粉,拔毒，除脓，去腐，生肌。用于痈疽疔疮，梅毒下疳，一切恶疮，肉暗紫黑，腐肉不去，窦道瘘管，脓水淋漓，久不收口。
红花,活血通经，散瘀止痛。用于经闭，痛经，恶露不行，癥瘕痞块，胸痹心痛，瘀滞腹痛，胸胁刺痛，跌扑损伤，疮疡肿痛。
制天南星,燥湿化痰，祛风止痉，散结消肿。用于顽痰咳嗽，风痰眩晕，中风痰壅，口眼喎斜，半身不遂，癫痫，惊风，破伤风；外用治痈肿，蛇虫咬伤。
天然冰片,开窍醒神，清热止痛。用于热病神昏、惊厥，中风痰厥，气郁暴厥，中恶昏迷，胸痹心痛，目赤，口疮，咽喉肿痛，耳道流脓。
焦槟榔,消食导滞。用于食积不消，泻痢后重。
高山辣根菜,清热解毒，清肺止咳，止血，消肿。用于温病发热，肺热咳嗽，咯血，创伤出血，四肢浮肿。
臭灵丹草,清热解毒，止咳祛痰。用于风热感冒，咽喉肿痛，肺热咳嗽。
铁皮石斛,益胃生津，滋阴清热。用于热病津伤，口干烦渴，胃阴不足，食少干呕，病后虚热不退，阴虚火旺，骨蒸劳热，目暗不明，筋骨痿软。
大枣,补中益气，养血安神。用于脾虚食少，乏力便溏，妇人脏躁。
厚朴,燥湿消痰，下气除满。用于湿滞伤中，脘痞吐泻，食积气滞，腹胀便秘，痰饮喘咳。
胡黄连,退虚热，除疳热，清湿热。用于骨蒸潮热，小儿疳热，湿热泻痢，黄疸尿赤，痔疮肿痛。
亚麻子,润燥通便，养血祛风。用于肠燥便秘，皮肤干燥，瘙痒，脱发。
虎杖,利湿退黄，清热解毒，散瘀止痛，止咳化痰。用于湿热黄疸，淋浊，带下，风湿痹痛，痈肿疮毒，水火烫伤，经闭，癥瘕，跌打损伤，肺热咳嗽。
桃枝,活血通络，解毒杀虫。用于心腹刺痛，风湿痹痛，跌打损伤，疮癖。
云芝,健脾利湿，清热解毒。用于湿热黄疸，胁痛，纳差，倦怠乏力。
滑石,利尿通淋，清热解暑；外用祛湿敛疮。用于热淋，石淋，尿热涩痛，暑湿烦渴，湿热水泻；外治湿疹，湿疮，痱子。
大蓟炭,凉血止血。用于衄血，吐血，尿血，便血，崩漏，外伤出血。
牛膝,逐瘀通经，补肝肾，强筋骨，利尿通淋，引血下行。用于经闭，痛经，腰膝酸痛，筋骨无力，淋证，水肿，头痛，眩晕，牙痛，口疮，吐血，衄血。
木瓜,舒筋活络，和胃化湿。用于湿痹拘挛，腰膝关节酸重疼痛，暑湿吐泻，转筋挛痛，脚气水肿。
槐花,凉血止血，清肝泻火。用于便血，痔血，血痢，崩漏，吐血，衄血，肝热目赤，头痛眩晕。
槐角,清热泻火，凉血止血。用于肠热便血，痔肿出血，肝热头痛，眩晕目赤。
大叶紫珠,散瘀止血，消肿止痛。用于衄血，咯血，吐血，便血，外伤出血，跌扑肿痛。
余甘子,清热凉血，消食健胃，生津止咳。用于血热血瘀，消化不良，腹胀，咳嗽，喉痛，口干。
黄柏,清热燥湿，泻火除蒸，解毒疗疮。用于湿热泻痢，黄疸尿赤，带下阴痒，热淋涩痛，脚气痿躄，骨蒸劳热，盗汗，遗精，疮疡肿毒，湿疹湿疮。盐黄柏滋阴降火。用于阴虚火旺，盗汗骨蒸。
芥子,温肺豁痰利气，散结通络止痛。用于寒痰咳嗽，胸胁胀痛，痰滞经络，关节麻木、疼痛，痰湿流注，阴疽肿毒。
黄精,补气养阴，健脾，润肺，益肾。用于脾胃气虚，体倦乏力，胃阴不足，口干食少，肺虚燥咳，劳嗽咳血，精血不足，腰膝酸软，须发早白，内热消渴。
蜂蜡,解毒，敛疮，生肌，止痛。外用于溃疡不敛，臁疮糜烂，外伤破溃，烧烫伤。
黄连,清热燥湿，泻火解毒。用于湿热痞满，呕吐吞酸，泻痢，黄疸，高热神昏，心火亢盛，心烦不寐，心悸不宁，血热吐衄，目赤，牙痛，消渴，痈肿疔疮；外治湿疹，湿疮，耳道流脓。酒黄连善清上焦火热。用于目赤，口疮。姜黄连清胃和胃止呕。用于寒热互结，湿热中阻，痞满呕吐。萸黄连舒肝和胃止呕。用于肝胃不和，呕吐吞酸。
黄芪,补气升阳，固表止汗，利水消肿，生津养血，行滞通痹，托毒排脓，敛疮生肌。用于气虚乏力，食少便溏，中气下陷，久泻脱肛，便血崩漏，表虚自汗，气虚水肿，内热消渴，血虚萎黄，半身不遂，痹痛麻木，痈疽难溃，久溃不敛。
黄芩,清热燥湿，泻火解毒，止血，安胎。用于湿温、暑湿，胸闷呕恶，湿热痞满，泻痢，黄疸，肺热咳嗽，高热烦渴，血热吐衄，痈肿疮毒，胎动不安。
火麻仁,润肠通便。用于血虚津亏，肠燥便秘。
鸡骨草,利湿退黄，清热解毒，疏肝止痛。用于湿热黄疸，胁肋不舒，胃脘胀痛，乳痈肿痛。
鸡冠花,收敛止血，止带，止痢。用于吐血，崩漏，便血，痔血，赤白带下，久痢不止。
鸡内金,健胃消食，涩精止遗，通淋化石。用于食积不消，呕吐泻痢，小儿疳积，遗尿，遗精，石淋涩痛，胆胀胁痛。
鸡血藤,活血补血，调经止痛，舒筋活络。用于月经不调，痛经，经闭，风湿痹痛，麻木瘫痪，血虚萎黄。
积雪草,清热利湿，解毒消肿。用于湿热黄疸，中暑腹泻，石淋血淋，痈肿疮毒，跌扑损伤。
急性子,破血，软坚，消积。用于癥瘕痞块，经闭，噎膈。
蜂胶,补虚弱，化浊脂，止消渴；外用解毒消肿，收敛生肌。用于体虚早衰，高脂血症，消渴；外治皮肤皲裂，烧烫伤。
木棉花,清热利湿，解毒。用于泄泻，痢疾，痔疮出血。
姜黄,破血行气，通经止痛。用于胸胁刺痛，胸搏心痛，痛经经闭，癥瘕，风湿肩臂疼痛，跌扑肿痛。
三白草,利尿消肿，清热解毒。用于水肿，小便不利，淋沥涩痛，带下；外治疮疡肿毒，湿疹。
降香,化瘀止血，理气止痛。用于吐血，衄血，外伤出血，肝郁胁痛，胸痹刺痛，跌扑伤痛，呕吐腹痛。
毛诃子,清热解毒，收敛养血，调和诸药。用于各种热证，泻痢，黄水病，肝胆病，病后虚弱。
大血藤,清热解毒，活血，祛风止痛。用于肠痈腹痛，热毒疮疡，经闭，痛经，跌扑肿痛，风湿痹痛。
金果榄,清热解毒，利咽，止痛。用于咽喉肿痛，痈疽疔毒，泄泻，痢疾，脘腹疼痛。
金钱草,利湿退黄，利尿通淋，解毒消肿。用于湿热黄疸，胆胀胁痛，石淋，热淋，小便涩痛，痈肿疔疮，蛇虫咬伤。
金荞麦,清热解毒，排脓祛瘀。用于肺痈吐脓，肺热喘咳，乳蛾肿痛。
金银花,清热解毒，疏散风热。用于痈肿疔疮，喉痹，丹毒，热毒血痢，风热感冒，温病发热。
金樱子,固精缩尿，固崩止带，涩肠止泻。用于遗精滑精，遗尿尿频，崩漏带下，久泻久痢。
荆芥,解表散风，透疹，消疮。用于感冒，头痛，麻疹，风疹，疮疡初起。
荆芥穗,解表散风，透疹，消疮。用于感冒，头痛，麻疹，风疹，疮疡初起。
九香虫,理气止痛，温中助阳。用于胃寒胀痛，肝胃气痛，肾虚阳痿，腰膝酸痛。
韭菜子,温补肝肾，壮阳固精。用于肝肾亏虚，腰膝酸痛，阳痿遗精，遗尿尿频，白浊带下。
救必应,清热解毒，利湿止痛。用于暑湿发热，咽喉肿痛，湿热泻痢，脘腹胀痛，风湿痹痛，湿疹，疮疖，跌打损伤。
桔梗,宣肺，利咽，祛痰，排脓。用于咳嗽痰多，胸闷不畅，咽痛音哑，肺痈吐脓。
橘核,理气，散结，止痛。用于疝气疼痛，睾丸肿痛，乳痈乳癖。
菊花,散风清热，平肝明目，清热解毒。用于风热感冒，头痛眩晕，目赤肿痛，眼目昏花，疮痈肿毒。
橘红,理气宽中，燥湿化痰。用于咳嗽痰多，食积伤酒，呕噁痞闷。
卷柏,活血通经。用于经闭痛经，癥瘕痞块，跌扑损伤。卷柏炭化瘀止血。用于吐血，崩漏，便血，脱肛。
化橘红,理气宽中，燥湿化痰。用于咳嗽痰多，食积伤酒，呕恶痞闷。
月季花,活血调经，疏肝解郁。用于气滞血瘀，月经不调，痛经，闭经，胸胁胀痛。
苦参,清热燥湿，杀虫，利尿。用于热痢，便血，黄疸尿闭，赤白带下，阴肿阴痒，湿疹，湿疮，皮肤瘙痒，疥癣麻风；外治滴虫性阴道炎。
紫花地丁,清热解毒，凉血消肿。用于疔疮肿毒，痈疽发背，丹毒，毒蛇咬伤。
沙棘,健脾消食，止咳祛痰，活血散瘀。用于脾虚食少，食积腹痛，咳嗽痰多，胸痹心痛，瘀血经闭，跌扑瘀肿。
苦木,清热解毒，祛湿。用于风热感冒，咽喉肿痛，湿热泻痢，湿疹，疮疖，蛇虫咬伤。
苦杏仁,降气止咳平喘，润肠通便。用于咳嗽气喘，胸满痰多，肠燥便秘。
款冬花,润肺下气，止咳化痰。用于新久咳嗽，喘咳痰多，劳嗽咳血。
昆布,消痰软坚散结，利水消肿。用于瘿瘤，瘰疬，睾丸肿痛，痰饮水肿。
莱菔子,消食除胀，降气化痰。用于饮食停滞，脘腹胀痛，大便秘结，积滞泻痢，痰壅喘咳。
老鹳草,祛风湿，通经络，止泻痢。用于风湿痹痛，麻木拘挛，筋骨酸痛，泄泻痢疾。
荔枝核,行气散结，祛寒止痛。用于寒疝腹痛，睾丸肿痛。
连翘,清热解毒，消肿散结，疏散风热。用于痈疽，瘰疬，乳痈，丹毒，风热感冒，温病初起，温热入营，高热烦渴，神昏发斑，热淋涩痛。
莲房,化瘀止血。用于崩漏，尿血，痔疮出血，产后瘀阻，恶露不尽。
莲须,固肾涩精。用于遗精滑精，带下，尿频。
莲子心,清心安神，交通心肾，涩精止血。用于热入心包，神昏谵语，心肾不交，失眠遗精，血热吐血。
两面针,活血化瘀，行气止痛，祛风通络，解毒消肿。用于跌扑损伤，胃痛，牙痛，风湿痹痛，毒蛇咬伤；外治烧烫伤。
细辛,解表散寒，祛风止痛，通窍，温肺化饮。用于风寒感冒，头痛，牙痛，鼻塞流涕，鼻鼽，鼻渊，风湿痹痛，痰饮喘咳。
灵芝,补气安神，止咳平喘。用于心神不宁，失眠心悸，肺虚咳喘，虚劳短气，不思饮食。
青风藤,祛风湿，通经络，利小便。用于风湿痹痛，关节肿胀，麻痹瘙痒。
凌霄花,活血通经，凉血祛风。用于月经不调，经闭癥瘕，产后乳肿，风疹发红，皮肤瘙痒，痤疮。
北刘寄奴,活血祛瘀，通经止痛，凉血，止血，清热利湿。用于跌打损伤，外伤出血，瘀血经闭，月经不调，产后瘀痛，癥瘕积聚，血痢，血淋，湿热黄疸，水肿腹胀，白带过多。
硫黄,外用解毒杀虫疗疮；内服补火助阳通便。外治用于疥癣，秃疮，阴疽恶疮；内服用于阳痿足冷，虚喘冷哮，虚寒便秘。
龙胆,清热燥湿，泻肝胆火。用于湿热黄疸，阴肿阴痒，带下，湿疹瘙痒，肝火目赤，耳鸣耳聋，胁痛口苦，强中，惊风抽搐。
胡芦巴,温肾助阳，祛寒止痛。用于肾阳不足，下元虚冷，小腹冷痛，寒疝腹痛，寒湿脚气。
芦根,清热泻火，生津止渴，除烦，止呕，利尿。用于热病烦渴，肺热咳嗽，肺痈吐脓，胃热呕哕，热淋涩痛。
芦荟,泻下通便，清肝泻火，杀虫疗疳。用于热结便秘，惊痫抽搐，小儿疳积；外治癣疮。
巴豆霜,峻下冷积，逐水退肿，豁痰利咽；外用蚀疮。用于寒积便秘，乳食停滞，腹水臌胀，二便不通，喉风，喉痹；外治痈肿脓成不溃，疥癣恶疮，疣痣。
炉甘石,解毒明目退翳，收湿止痒敛疮。用于目赤肿痛，睑弦赤烂，翳膜遮睛，胬肉攀睛，溃疡不敛，脓水淋漓，湿疮瘙痒。
鹿角,温肾阳，强筋骨，行血消肿。用于肾阳不足，阳痿遗精，腰脊冷痛，阴疽疮疡，乳痈初起，瘀血肿痛。
鹿角胶,温补肝肾，益精养血。用于肝肾不足所致的腰膝酸冷，阳痿遗精，虚劳羸瘦，崩漏下血，便血尿血，阴疽肿痛。
鹿角霜,温肾助阳，收敛止血。用于脾肾阳虚，白带过多，遗尿尿频，崩漏下血，疮疡不敛。
鹿衔草,祛风湿，强筋骨，止血，止咳。用于风湿痹痛，肾虚腰痛，腰膝无力，月经过多，久咳劳嗽。
蓝布正,益气健脾，补血养阴，润肺化痰。用于气血不足，虚痨咳嗽，脾虚带下。
路路通,祛风活络，利水，通经。用于关节痹痛，麻木拘挛，水肿胀满，乳少，经闭。
梅花,疏肝和中，化痰散结。用于肝胃气痛，郁闷心烦，梅核气，瘰疬疮毒。
炙甘草,补脾和胃，益气复脉。用于脾胃虚弱，倦怠乏力，心动悸，脉结代。
罗布麻叶,平肝安神，清热利水。用于肝阳眩晕，心悸失眠，浮肿尿少。
罗汉果,清热润肺，利咽开音，滑肠通便。用于肺热燥咳，咽痛失音，肠燥便秘。
络石藤,祛风通络，凉血消肿。用于风湿热痹，筋脉拘挛，腰膝酸痛，喉痹，痈肿，跌扑损伤。
麻黄,发汗散寒，宣肺平喘，利水消肿。用于风寒感冒，胸闷喘咳，风水浮肿。蜜麻黄润肺止咳。多用于表证已解，气喘咳嗽。
马鞭草,活血散瘀，解毒，利水，退黄，截疟。用于癥瘕积聚，痛经经闭，喉痹，痈肿，水肿，黄疸，疟疾。
马勃,清肺利咽，止血。用于风热郁肺咽痛，音哑，咳嗽；外治鼻衄，创伤出血。
鹿茸,壮肾阳，益精血，强筋骨，调冲任，托疮毒。用于肾阳不足，精血亏虚，阳痿滑精，宫冷不孕，羸瘦，神疲，畏寒，眩晕，耳鸣，耳聋，腰脊冷痛，筋骨痿软，崩漏带下，阴疽不敛。
马钱子,通络止痛，散结消肿。用于跌打损伤，骨折肿痛，风湿顽痹，麻木瘫痪，痈疽疮毒，咽喉肿痛。
麦冬,养阴生津，润肺清心。用于肺燥干咳，阴虚痨嗽，喉痹咽痛，津伤口渴，内热消渴，心烦失眠，肠燥便秘。
麦芽,行气消食，健脾开胃，回乳消胀。用于食积不消，脘腹胀痛，脾虚食少，乳汁郁积，乳房胀痛，妇女断乳，肝郁胁痛，肝胃气痛。生麦芽健脾和胃，疏肝行气。用于脾虚食少，乳汁郁积。炒麦芽行气消食回乳。用于食积不消，妇女断乳。焦麦芽消食化滞。用于食积不消，脘腹胀痛。
蔓荆子,疏散风热，清利头目，除湿处关节
芒硝,泻下通便，润燥软坚，清火消肿。用于实热积滞，腹满胀痛，大便燥结，肠痈肿痛；外治乳痈，痔疮肿痛。
猫爪草,化痰散结，解毒消肿。用于瘰疬痰核，疔疮肿毒，蛇虫咬伤。
石吊兰,化痰止咳，软坚散结。用于咳嗽痰多，瘰疬痰核。
知母,清热泻火，滋阴润燥。用于外感热病，高热烦渴，肺热燥咳，骨蒸潮热，内热消渴，肠燥便秘。
没药,散瘀定痛，消肿生肌。用于胸痹心痛，胃脘疼痛，痛经经闭，产后瘀阻，癥瘕腹痛，风湿痹痛，跌打损伤，痈肿疮疡。
玫瑰花,行气解郁，和血，止痛。用于肝胃气痛，食少呕恶，月经不调，跌扑伤痛。
青叶胆,清肝利胆，清热利湿。用于肝胆湿热，黄疸尿赤，胆胀胁痛，热淋涩痛。
密蒙花,清热泻火，养肝明目，退翳。用于目赤肿痛，多泪羞明，目生翳膜，肝虚目暗，视物昏花。
明党参,润肺化痰，养阴和胃，平肝，解毒。用于肺热咳嗽，呕吐反胃，食少口干，目赤眩晕，疔毒疮疡。
母丁香,温中降逆，补肾助阳。用于脾胃虚寒，呃逆呕吐，食少吐泻，心腹冷痛，肾虚阳痿。
牡丹皮,清热凉血，活血化瘀。用于热入营血，温毒发斑，吐血衄血，夜热早凉，无汗骨蒸，经闭痛经，跌扑伤痛，痈肿疮毒。
牡蛎,重镇安神，潜阳补阴，软坚散结。用于惊悸失眠，眩晕耳鸣，瘰疬痰核，癥瘕痞块。煅牡蛎收敛固涩，制酸止痛。用于自汗盗汗，遗精滑精，崩漏带下，胃痛吞酸。
木鳖子,散结消肿，攻毒疗疮。用于疮疡肿毒，乳痈，瘰疬，痔瘘，干癣，秃疮。
木蝴蝶,清肺利咽，疏肝和胃。用于肺热咳嗽，喉痹，音哑，肝胃气痛。
木通,利尿通淋，清心除烦，通经下乳。用于淋证，水肿，心烦尿赤，口舌生疮，经闭乳少，湿热痹痛。
煅石膏,收湿，生肌，敛疮，止血。外治溃疡不敛，湿疹瘙痒，水火烫伤，外伤出血。
南沙参,养阴清肺，益胃生津，化痰，益气。用于肺热燥咳，阴虚劳嗽，干咳痰黏，胃阴不足，食少呕吐，气阴不足，烦热口干。
闹羊花,祛风除湿，散瘀定痛。用于风湿痹痛，偏正头痛，跌扑肿痛，顽癣。
牛蒡子,疏散风热，宣肺透疹，解毒利咽。用于风热感冒，咳嗽痰多，麻疹，风疹，咽喉肿痛，痄腮，丹毒，痈肿疮毒。
牛黄,清心，豁痰，开窍，凉肝，息风，解毒。用于热病神昏，中风痰迷，惊痫抽搐，癫痫发狂，咽喉肿痛，口舌生疮，痈肿疔疮。
苦玄参,清热解毒，消肿止痛。用于风热感冒，咽喉肿痛，喉痹，痄腮，脘腹疼痛，痢疾，跌打损伤，疖肿，毒蛇咬伤。
女贞子,滋补肝肾，明目乌发。用于肝肾阴虚，眩晕耳鸣，腰膝酸软，须发早白，目暗不明，内热消渴，骨蒸潮热。
藕节,收敛止血，化瘀。用于吐血，咯血，忸血，尿血，崩漏。
胖大海,清热润肺，利咽开音，润肠通便。用于肺热声哑，干咳无痰，咽喉干痛，热结便闭，头痛目赤。
佩兰,芳香化湿，醒脾开胃，发表解暑。用于湿浊中阻，脘痞呕恶，口中甜腻，口臭，多涎，暑湿表证，湿温初起，发热倦怠，胸闷不舒。
岩白菜,收敛止泻，止血止咳，舒筋活络。用于腹泻，痢疾，食欲不振，内外伤出血，肺结核咳嗽，气管炎咳嗽，风湿疼痛，跌打损伤。
枇杷叶,清肺止咳，降逆止呕。用于肺热咳嗽，气逆喘急，胃热呕逆，烦热口渴。
平贝母,清热润肺，化痰止咳。用于肺热燥咳，干咳少痰，阴虚劳嗽，咳痰带血。
枫香脂,活血止痛，解毒生肌，凉血止血。用于跌扑损伤，痈疽肿痛，吐血，衄血，外伤出血。
矮地茶,化痰止咳，清利湿热，活血化瘀。用于新久咳嗽，喘满痰多，湿热黄疸，经闭瘀阻，风湿痹痛，跌打损伤。
蒲公英,清热解毒，消肿散结，利尿通淋。用于疔疮肿毒，乳痈，瘰疬，目赤，咽痛，肺痈，肠痈，湿热黄疸，热淋涩痛。
蒲黄,止血，化瘀，通淋。用于吐血，衄血，咯血，崩漏，外伤出血，经闭痛经，胸腹刺痛，跌扑肿痛，血淋涩痛。
蕲蛇,祛风，通络，止痉。用于风湿顽痹，麻木拘挛，中风口眼斜，半身不遂，抽搐痉挛，破伤风，麻风，疥癣。
委陵菜,清热解毒，凉血止痢。用于赤痢腹痛，久痢不止，痔疮出血，痈肿疮毒。
千金子,泻下逐水，破血消癥；外用疗癣蚀疣。用于二便不通，水肿，痰饮，积滞胀满，血瘀经闭；外治顽癣，赘疣。
千年健,祛风湿，壮筋骨。用于风寒湿痹，腰膝冷痛，拘挛麻木，筋骨痿软。
牵牛子,泻水通便，消痰涤饮，杀虫攻积。用于水肿胀满，二便不通，痰饮积聚，气逆喘咳，虫积腹痛。
前胡,降气化痰，散风清热。用于痰热喘满，略痰黄稠，风热咳嗽痰多。
芡实,益肾固精，补脾止泻，除湿止带。用于遗精滑精，遗尿尿频，脾虚久泻，白浊，带下。
茜草,凉血，祛瘀，止血，通经。用于吐血，衄血，崩漏，外伤出血，瘀阻经闭，关节痹痛，跌扑肿痛。
羌活,解表散寒，祛风除湿，止痛。用于风寒感冒，头痛项强，风湿痹痛，肩背酸痛。
秦艽,祛风湿，清湿热，止痹痛，退虚热。用于风湿痹痛，中风半身不遂，筋脉拘挛，骨节酸痛，湿热黄疸，骨蒸潮热，小儿疳积发热。
金龙胆草,清热化痰，止咳平喘，解毒利湿，凉血止血。用于肺热咳嗽，痰多气喘，咽痛，口疮，湿热黄疸，衄血，便血，崩漏，外伤出血。
青黛,清热解毒，凉血消斑，泻火定惊。用于温毒发斑，血热吐衄，胸痛咳血，口疮，痄腮，喉痹，小儿惊痫。
龙脷叶,润肺止咳，通便。用于肺燥咳嗽，咽痛失音，便秘。
青蒿,清虚热，除骨蒸，解暑热，截疟，退黄。用于温邪伤阴，夜热早凉，阴虚发热，骨蒸劳热，暑邪发热，疟疾寒热，湿热黄疸。
金沸草,降气，消痰，行水。用于外感风寒，痰饮蓄结，咳喘痰多，胸膈痞满。
青礞石,坠痰下气，平肝镇惊。用于顽痰胶结，咳逆喘急，癫痫发狂，烦躁胸闷，惊风抽搐。
青皮,疏肝破气，消积化滞。用于胸胁胀痛，疝气疼痛，乳癖，乳痈，食积气滞，脘腹胀痛。
北豆根,清热解毒，祛风止痛。用于咽喉肿痛，热毒泻痢，风湿痹痛。
青葙子,清肝泻火，明目退翳。用于肝热目赤，目生翳膜，视物昏花，肝火眩晕。
轻粉,外用杀虫，攻毒，敛疮；内服祛痰消积，逐水通便。外治用于疥疮，顽癣，臁疮，梅毒，疮疡，湿疹；内服用于痰涎积滞，水肿臌胀，二便不利。
瓜蒌,清热涤痰，宽胸散结，润燥滑肠。用于肺热晐嗽，痰浊黄稠，胸痹心痛，结胸痞满，乳痈，肺痈，肠痈，大便秘结。
金铁锁,祛风除湿，散瘀止痛，解毒消肿。用于风湿痹痛，胃脘冷痛，跌打损伤，外伤出血；外治疮疖，蛇虫咬伤。
人参叶,补气，益肺，祛暑，生津。用于气虚咳嗽，暑热烦躁，津伤口渴，头目不清，四肢倦乏。
忍冬藤,清热解毒，疏风通络。用于温病发热，热毒血痢，痈肿疮疡，风湿热痹，关节红肿热痛。
肉苁蓉,补肾阳，益精血，润肠通便。用于肾阳不足，精血亏虚，阳痿不孕，腰膝酸软，筋骨无力，肠燥便秘。
肉豆蔻,温中行气，涩肠止泻。用于脾胃虚寒，久泻不止，脘腹胀痛，食少呕吐。
独活,祛风除湿，通痹止痛。用于风寒湿痹，腰膝疼痛，少阴伏风头痛，风寒挟湿头痛。
三七,散瘀止血，消肿定痛。用于咯血，吐血，衄血，便血，崩漏，外伤出血，胸腹刺痛，跌扑肿痛。
桑白皮,泻肺平喘，利水消肿。用于肺热喘咳，水肿胀满尿少，面目肌肤浮肿。
桑寄生,祛风湿，补肝肾，强筋骨，安胎元。用于风湿痹痛，腰膝酸软，筋骨无力，崩漏经多，妊娠漏血，胎动不安，头晕目眩。
桑螵蛸,固精缩尿，补肾助阳。用于遗精滑精，遗尿尿频，小便白浊。
桑椹,滋阴补血，生津润燥。用于肝肾阴虚，眩晕耳鸣，心悸失眠，须发早白，津伤口渴，内热消渴，肠燥便秘。
桑叶,疏散风热，清肺润燥，清肝明目。用于风热感冒，肺热燥咳，头晕头痛，目赤昏花。
桑枝,祛风湿，利关节。用于风湿痹病，肩臂、关节酸痛麻木。
沙苑子,补肾助阳，固精缩尿，养肝明目。用于肾虚腰痛，遗精早泄，遗尿尿频，白浊带下，眩晕，目暗昏花。
砂仁,化湿开胃，温脾止泻，理气安胎。用于湿浊中阻，脘痞不饥，脾胃虚寒，呕吐泄泻，妊娠恶阻，胎动不安。
山慈菇,清热解毒，化痰散结。用于痈肿疔毒，瘰疬痰核，蛇虫咬伤，㿂瘕痞块。
金礞石,坠痰下气，平肝镇惊。用于顽痰胶结，咳逆喘急，癫痫发狂，烦躁胸闷，惊风抽搐。
山柰,行气温中，消食，止痛。用于胸膈胀满，脘腹冷痛，饮食不消。
京大戟,泻水逐饮，消肿散结。用于水肿胀满，胸腹积水，痰饮积聚，气逆咳喘，二便不利，痈肿疮毒，瘰疬痰核。
山楂,消食健胃，行气散瘀，化浊降脂。用于肉食积滞，胃脘胀满，泻痢腹痛，瘀血经闭，产后瘀阻，心腹刺痛，胸痹心痛，疝气疼痛，高脂血症。焦山楂消食导滞作用增强。用于肉食积滞，泻痢不爽。
四季青,清热解毒，消肿祛瘀。用于肺热咳嗽，咽喉肿痛，痢疾，胁痛，热淋；外治烧烫伤，皮肤溃疡。
山楂叶,活血化瘀，理气通脉，化浊降脂。用于气滞血瘀，胸痹心痛，胸闷憋气，心悸健忘，眩晕耳鸣，高脂血症。
栀子,泻火除烦，清热利湿，凉血解毒；外用消肿止痛。用于热病心烦，湿热黄疸，淋证涩痛，血热吐衄，目赤肿痛，火毒疮疡；外治扭挫伤痛。
山茱萸,补益肝肾，收涩固脱。用于眩晕耳鸣，腰膝酸痛，阳痿遗精，遗尿尿频，崩漏带下，大汗虚脱，内热消渴。
商陆,逐水消肿，通利二便；外用解毒散结。用于水肿胀满，二便不通；外治痈肿疮毒。
蛇床子,燥湿祛风，杀虫止痒，温肾壮阳。用于阴痒带下，湿疹瘙痒，湿痹腰痛，肾虚阳痿，宫冷不孕。
射干,清热解毒，消痰，利咽。用于热毒痰火郁结，咽喉肿痛，痰涎壅盛，咳嗽气喘。
伸筋草,祛风除湿，舒筋活络。用于关节酸痛，屈伸不利。
油松节,祛风除湿，通络止痛。用于风寒湿痹，历节风痛，转筋挛急，跌打伤痛。
升麻,发表透疹，清热解毒，升举阳气。用于风热头痛，齿痛，口疮，咽喉肿痛，麻疹不透，阳毒发斑，脱肛，子宫脱垂。
地黄,鲜地黄清热生津，凉血，止血。用于热病伤阴，舌绛烦渴，温毒发斑，吐血，衄血，咽喉肿痛。生地黄清热凉血，养阴生津。用于热入营血，温毒发斑，吐血衄血，热病伤阴，舌绛烦渴，津伤便秘，阴虚发热，骨蒸劳热，内热消渴。
贯叶金丝桃,疏肝解郁，清热利湿，消肿通乳。用于肝气郁结，情志不畅，心胸郁闷，关节肿痛，乳痈，乳少。
功劳木,清热燥湿，泻火解毒。用于湿热泻痢，黄疸尿赤，目赤肿痛，胃火牙痛，疮疖痈肿。
石菖蒲,开窍豁痰，醒神益智，化湿开胃。用于神昏癫痫，健忘失眠，耳鸣耳聋，脘痞不饥，噤口下痢。
石膏,清热泻火，除烦止渴。用于外感热病，高热烦渴，肺热喘咳，胃火亢盛，头痛，牙痛。
石斛,益胃生津，滋阴清热。用于热病津伤，口干烦渴，胃阴不足，食少干呕，病后虚热不退，阴虚火旺，骨蒸劳热，目暗不明，筋骨痿软。
石决明,平肝潜阳，清肝明目。用于头痛眩晕，目赤翳障，视物昏花，青盲雀目。
石榴皮,涩肠止泻，止血，驱虫。用于久泻，久痢，便血，脱肛，崩漏，带下，虫积腹痛。
石韦,利尿通淋，清肺止咳，凉血止血。用于热淋，血淋，石淋，小便不通，淋沥涩痛，肺热喘咳，吐血，衄血，尿血，崩漏。
使君子,杀虫消积。用于蛔虫病，蛲虫病，虫积腹痛，小儿疳积。
熟地黄,补血滋阴，益精填髓。用于血虚萎黄，心悸怔忡，月经不调，崩漏下血，肝肾阴虚，腰膝酸软，骨蒸潮热，盗汗遗精，内热消渴，眩晕，耳鸣，须发早白。
荆芥炭,收敛止血。用于便血，崩漏，产后血晕。
水蛭,破血通经，逐瘀消癥。用于血瘀经闭，癥瘕痞块，中风偏瘫，跌扑损伤。
丝瓜络,祛风，通络，活血，下乳。用于痹痛拘挛，胸胁胀痛，乳汁不通，乳痈肿痛。
蓼大青叶,清热解毒，凉血消斑。用于温病发热，发斑发瘆，肺热咳喘，喉痹，痄腮，丹毒，痈肿。
松花粉,收敛止血，燥湿敛疮。用于外伤出血，湿疹，黄水疮，皮肤糜烂，脓水淋漓。
苏合香,开窍，辟秽，止痛。用于中风痰厥，猝然昏倒，胸痹心痛，胸腹冷痛，惊痫。
苏木,活血祛瘀，消肿止痛。用于跌打损伤，骨折筋伤，瘀滞肿痛，经闭痛经，产后瘀阻，胸腹刺痛，痈疽肿痛。
紫苏子,降气化痰，止咳平喘，润肠通便。用于痰壅气逆，咳嗽气喘，肠燥便秘。
酸枣仁,养心补肝，宁心安神，敛汗，生津。用于虚烦不眠，惊悸多梦，体虚多汗，津伤口渴。
锁阳,补肾阳，益精血，润肠通便。用于肾阳不足，精血亏虚，腰膝痿软，阳痿滑精，肠燥便秘。
太子参,益气健脾，生津润肺。用于脾虚体倦，食欲不振，病后虚弱，气阴不足，自汗口渴，肺燥干咳。
檀香,行气温中，开胃止痛。用于寒凝气滞，胸膈不舒，胸痹心痛，脘腹疼痛，呕吐食少。
桃仁,活血祛瘀，润肠通便，止咳平喘。用于经闭痛经，癥瘕痞块，肺痈肠痈，跌扑损伤，肠燥便秘，咳嗽气喘。
天冬,养阴润燥，清肺生津。用于肺燥干咳，顿咳痰黏，腰膝酸痛，骨蒸潮热，内热消渴，热病津伤，咽干口渴，肠燥便秘。
天花粉,清热泻火，生津止渴，消肿排脓。用于热病烦渴，肺热燥咳，内热消渴，疮疡肿毒。
天葵子,清热解毒，消肿散结。用于痈肿疔疮，乳痈，瘰疬，蛇虫咬伤。
天麻,息风止痉，平抑肝阳，祛风通络。用于小儿惊风，癫痫抽搐，破伤风，头痛眩晕，手足不遂，肢体麻木，风湿痹痛。
天南星,散结消肿。外用治痈肿，蛇虫咬伤。
天仙藤,行气活血，通络止痛。用于脘腹刺痛，风湿痹痛。
天仙子,解痉止痛，平喘，安神。用于胃脘挛痛，喘咳，癫狂。
天竺黄,清热豁痰，凉心定惊。用于热病神昏，中风痰迷，小儿痰热惊痫、抽搐、夜啼。
甜瓜子,清肺，润肠，化瘀，排脓，疗伤止痛。用于肺热咳嗽，便秘，肺痈，肠痈，跌打损伤，筋骨折伤。
葶苈子,泻肺平喘，行水消肿。用于痰涎壅肺，喘咳痰多，胸胁胀满，不得平卧，胸腹水肿，小便不利。
通草,清热利尿，通气下乳。用于湿热淋证，水肿尿少，乳汁不下。
土贝母,解毒，散结，消肿。用于乳痈，瘰疬，痰核。
土鳖虫,破血逐瘀，续筋接骨。用于跌打损伤，筋伤骨折，血瘀经闭，产后瘀阻腹痛，癥瘕痞块。
土茯苓,解毒，除湿，通利关节。用于梅毒及汞中毒所致的肢体拘挛，筋骨疼痛；湿热淋浊，带下，痈肿，瘰疬，疥癣。
土荆皮,杀虫，疗癣，止痒。用于疥癣瘙痒。
土木香,健脾和胃，行气止痛，安胎。用于胸胁、脘腹胀痛，呕吐泻痢，胸胁挫伤，岔气作痛，胎动不安。
菟丝子,补益肝肾，固精缩尿，安胎，明目，止泻；外用消风祛斑。用于肝肾不足，腰膝酸软，阳痿遗精，遗尿尿频，肾虚胎漏，胎动不安，目昏耳鸣，脾肾虚泻；外治白癜风。
瓦楞子,消痰化瘀，软坚散结，制酸止痛。用于顽痰胶结，黏稠难咯，瘿瘤，瘰疬，癥瘕痞块，胃痛泛酸。
瓦松,凉血止血，解毒，敛疮。用于血痢，便血，痔血，疮口久不愈合。
王不留行,活血通经，下乳消肿，利尿通淋。用于经闭，痛经，乳汁不下，乳痈肿痛，淋证涩痛。
威灵仙,祛风湿，通经络。用于风湿痹痛，肢体麻木，筋脉拘挛，屈伸不利。
乌梅,敛肺，涩肠，生津，安蛔。用于肺虚久咳，久泻久痢，虚热消渴，蛔厥呕吐腹痛。
乌梢蛇,祛风，通络，止痉。用于风湿顽痹，麻木拘挛，中风口眼斜，半身不遂，抽搐痉挛，破伤风，麻风，疥癣。
乌药,行气止痛，温肾散寒。用于寒凝气滞，胸腹胀痛，气逆喘急，膀胱虚冷，遗尿尿频，疝气疼痛，经寒腹痛。
吴茱萸,散寒止痛，降逆止呕，助阳止泻。用于厥阴头痛，寒疝腹痛，寒湿脚气，经行腹痛，脘腹胀痛，呕吐吞酸，五更泄泻。
蜈蚣,息风镇痉，通络止痛，攻毒散结。用于肝风内动，痉挛抽搐，小儿惊风，中风口嗝，半身不遂，破伤风，风湿顽痹，偏正头痛，疮疡，瘰疬，蛇虫咬伤。
藏菖蒲,温胃，消炎止痛。用于补胃阳，消化不良，食物积滞，白喉，炭疽等。
五加皮,祛风除湿，补益肝肾，强筋壮骨，利水消肿。用于风湿痹病，筋骨痿软，小儿行迟，体虚乏力，水肿，脚气。
西红花,活血化瘀，凉血解毒，解郁安神。用于经闭癥瘕，产后瘀阻，温毒发斑，忧郁痞闷，惊悸发狂。
西青果,清热生津，解毒。用于阴虚白喉。
西洋参,补气养阴，清热生津。用于气虚阴亏，虚热烦倦，咳喘痰血，内热消渴，口燥咽干。
夏枯草,清肝泻火，明目，散结消肿。用于目赤肿痛，目珠夜痛，头痛眩晕，瘰疬，癭瘤，乳痈，乳癖，乳房胀痛。
滇鸡血藤,活血补血，调经止痛，舒筋通络。用于月经不调，痛经，麻木瘫痪，风湿痹痛，气血虚弱。
夏天无,活血止痛，舒筋活络，祛风除湿。用于中风偏瘫，头痛，跌扑损伤，风湿痹痛，腰腿疼痛。
仙鹤草,收敛止血，截疟，止痢，解毒，补虚。用于咯血，吐血，崩漏下血，疟疾，血痢，痈肿疮毒，阴痒带下，脱力劳伤。
仙茅,补肾阳，强筋骨，祛寒湿。用于阳痿精冷，筋骨痿软，腰膝冷痛，阳虚冷泻。
香附,疏肝解郁，理气宽中，调经止痛。用于肝郁气滞，胸胁胀痛，疝气疼痛，乳房胀痛，脾胃气滞，脘腹痞闷，胀满疼痛，月经不调，经闭痛经。
香薷,发汗解表，化湿和中。用于暑湿感冒，恶寒发热，头痛无汗，腹痛吐泻，水肿，小便不利。
香橼,疏肝理气，宽中，化痰。用于肝胃气滞，胸胁胀痛，脘腹痞满，呕吐噫气，痰多咳嗽。
小驳骨,祛瘀止痛，续筋接骨。用于跌打损伤，筋伤骨折，风湿骨痛，血瘀经闭，产后腹痛。
小茴香,散寒止痛，理气和胃。用于寒疝腹痛，睾丸偏坠，痛经，少腹冷痛，脘腹胀痛，食少吐泻。盐小茴香暖肾散寒止痛。用于寒疝腹痛，睾丸偏坠，经寒腹痛。
小蓟,凉血止血，散瘀解毒消痈。用于衄血，吐血，尿血，血淋，便血，崩漏，外伤出血，痈肿疮毒。
玄明粉,泻下通便，润燥软坚，清火消肿。用于实热积滞，大便燥结，腹满胀痛；外治咽喉肿痛，口舌生疮，牙龈肿痛，目赤，痈肿，丹毒。
薤白,通阳散结，行气导滞。用于胸痹心痛，脘腹痞满胀痛，泻痢后重。
辛夷,散风寒，通鼻窍。用于风寒头痛，鼻塞流涕，鼻鼽，鼻渊。
伊贝母,清热润肺，化痰止咳。用于肺热燥咳，干咳少痰，阴虚劳嗽，咳痰带血。
雄黄,解毒杀虫，燥湿祛痰，截疟。用于痈肿疔疮，蛇虫咬伤，虫积腹痛，惊痫，疟疾。
徐长卿,祛风，化湿，止痛，止痒。用于风湿痹痛，胃痛胀满，牙痛，腰痛，跌扑伤痛，风疹、湿疹。
续断,补肝肾，强筋骨，续折伤，止崩漏。用于肝肾不足，腰膝酸软，风湿痹痛，跌扑损伤，筋伤骨折，崩漏，胎漏。酒续断多用于风湿痹痛，跌扑损伤，筋伤骨折。盐续断多用于腰膝酸软。
玄参,清热凉血，滋阴降火，解毒散结。用于热入营血，温毒发斑，热病伤阴，舌绛烦渴，津伤便秘，骨蒸劳嗽，目赤，咽痛，白喉，瘰疬，痈肿疮毒。
旋覆花,降气，消痰，行水，止呕。用于风寒咳嗽，痰饮蓄结，胸膈痞闷，喘咳痰多，呕吐噫气，心下痞硬。
血竭,活血定痛，化瘀止血，生肌敛疮。用于跌打损伤，心腹瘀痛，外伤出血，疮疡不敛。
血余炭,收敛止血，化瘀，利尿。用于吐血，咯血，衄血，血淋，尿血，便血，崩漏，外伤出血，小便不利。
鸦胆子,清热解毒，截疟，止痢；外用腐蚀赘疣。用于痢疾，疟疾；外治赘疣，鸡眼。
法半夏,燥湿化痰。用于痰多咳喘，痰饮眩悸，风痰眩晕，痰厥头痛。
洋金花,平喘止咳，解痉定痛。用于哮喘咳嗽，脘腹冷痛，风湿痹痛，小儿慢惊；外科麻醉。
姜半夏,温中化痰，降逆止呕。用于痰饮呕吐，胃脘痞满。
荆芥穗炭,收涩止血。用于便血，崩漏，产后血晕。
野菊花,清热解毒，泻火平肝。用于疔疮痈肿，目赤肿痛，头痛眩晕。
首乌藤,养血安神，祛风通络。用于失眠多梦，血虚身痛，风湿痹痛，皮肤瘙痒。
一枝黄花,清热解毒，疏散风热。用于喉痹，乳蛾，咽喉肿痛，疮疖肿毒，风热感冒。
丁公藤,祛风除湿，消肿止痛。用于风湿痹痛，半身不遂，跌扑肿痛。
益母草,活血调经，利尿消肿，清热解毒。用于月经不调，痛经经闭，恶露不尽，水肿尿少，疮疡肿毒。
益智,暖肾固精缩尿，温脾止泻摄唾。用于肾虚遗尿，小便频数，遗精白浊，脾寒泄泻，腹中冷痛，口多唾涎。
薏苡仁,利水渗湿，健脾止泻，除痹，排脓，解毒散结。用于水肿，脚气，小便不利，脾虚泄泻，湿痹拘挛，肺痈，肠痈，赘疣，癌肿。
茵陈,清利湿热，利胆退黄。用于黄疸尿少，湿温暑湿，湿疮瘙痒。
淫羊藿,补肾阳，强筋骨，祛风湿。用于肾阳虚衰，阳痿遗精，筋骨痿软，风湿痹痛，麻木拘挛。
银柴胡,清虚热，除疳热。用于阴虚发热，骨蒸劳热，小儿疳热。
银杏叶,活血化瘀，通络止痛，敛肺平喘，化浊降脂。用于瘀血阻络，胸痹心痛，中风偏瘫，肺虚咳喘，高脂血症。
鱼腥草,清热解毒，消痈排脓，利尿通淋。用于肺痈吐脓，痰热喘咳，热痢，热淋，痈肿疮毒。
白附子,祛风痰，定惊搐，解毒散结，止痛。用于中风痰壅，口眼㖞斜，语言謇涩，惊风癫痫，破伤风，痰厥头痛，偏正头痛，瘰疬痰核，毒蛇咬伤。
禹余粮,涩肠止泻，收敛止血。用于久泻久痢，大便出血，崩漏带下。
玉竹,养阴润燥，生津止渴。用于肺胃阴伤，燥热咳嗽，咽干口渴，内热消渴。
郁金,活血止痛，行气解郁，清心凉血，利胆退黄。用于胸胁刺痛，胸痹心痛，经闭痛经，乳房胀痛，热病神昏，癫痫发狂，血热吐衄，黄疸尿赤。
郁李仁,润肠通便，下气利水。用于津枯肠燥，食积气滞，腹胀便秘，水肿，脚气，小便不利。
延胡索,活血，行气，止痛。用于胸胁、脘腹疼痛，胸痹心痛，经闭痛经，产后瘀阻，跌扑肿痛。
远志,安神益智，交通心肾，祛痰，消肿。用于心肾不交引起的失眠多梦、健忘惊悸、神志恍惚，咳痰不爽，疮疡肿毒，乳房肿痛。
清半夏,燥湿化痰。用于湿痰咳嗽，胃脘痞满，痰涎凝聚，咯吐不出。
木香,行气止痛，健脾消食。用于胸胁、脘腹胀痛，泻痢后重，食积不消，不思饮食。煨木香实肠止泻。用于泄泻腹痛。
皂角刺,消肿托毒，排脓，杀虫。用于痈疽初起或脓成不溃；外治疥癣麻风。
大皂角,祛痰开窍，散结消肿。用于中风口噤，昏迷不醒，癫痫痰盛，关窍不通，喉痹痰阻，顽痰喘咳，咳痰不爽，大便燥结；外治痈肿。
泽兰,活血调经，祛瘀消痈，利水消肿。用于月经不调，经闭，痛经，产后瘀血腹痛，疮痈肿毒，水肿腹水。
泽泻,利水渗湿，泄热，化浊降脂。用于小便不利，水肿胀满，泄泻尿少，痰饮眩晕，热淋涩痛，高脂血症。
赭石,平肝潜阳，重镇降逆，凉血止血。用于眩晕耳鸣，呕吐，噫气，呃逆，喘息，吐血，齟血，崩漏下血。
浙贝母,清热化痰止咳，解毒散结消痈。用于风热咳嗽，痰火咳嗽，肺痈，乳痈，瘰疬，疮毒。
珍珠,安神定惊，明目消翳，解毒生肌，润肤祛斑。用于惊悸失眠，惊风癫痫，目赤翳障，疮疡不敛，皮肤色斑。
珍珠母,平肝潜阳，安神定惊，明目退翳。用于头痛眩晕，惊悸失眠，目赤翳障，视物昏花。
草乌叶,清热，解毒，止痛。用于热病发热，泄泻腹痛，头痛，牙痛。
地枫皮,袪风除湿，行气止痛。用于风湿痹痛，劳伤腰痛。
苘麻子,清热解毒，利湿，退翳。用于赤白痢疾，淋证涩痛，痈肿疮毒，目生翳膜。
枳壳,理气宽中，行滞消胀。用于胸胁气滞，胀满疼痛，食积不化，痰饮内停，脏器下垂。
钟乳石,温肺，助阳，平喘，制酸，通乳。用于寒痰咳喘，阳虚冷喘，腰膝冷痛，胃痛泛酸，乳汁不通。
南五味子,收敛固涩，益气生津，补肾宁心。用于久嗽虚喘，梦遗滑精，遗尿尿频，久泻不止，自汗盗汗，津伤口渴，内热消渴，心悸失眠。
重楼,清热解毒，消肿止痛，凉肝定惊。用于疔疮痈肿，咽喉肿痛，蛇虫咬伤，跌扑伤痛，惊风抽搐。
亚乎奴,消肿止痛，止血，生肌。用于外伤肿痛，创伤出血。
南板蓝根,清热解毒，凉血消斑。用于温疫时毒，发热咽痛，温毒发斑，丹毒。
猪苓,利水渗湿。用于小便不利，水肿，泄泻，淋浊，带下。
猪牙皂,祛痰开窍，散结消肿。用于中风口噤，昏迷不醒，癫痫痰盛，关窍不通，喉痹痰阻，顽痰喘咳，咯痰不爽，大便燥结；外治痈肿。
竹茹,清热化痰，除烦，止呕。用于痰热咳嗽，胆火挟痰，惊悸不宁，心烦失眠，中风痰迷，舌强不语，胃热呕吐，妊娠恶阻，胎动不安。
紫草,清热凉血，活血解毒，透疹消斑。用于血热毒盛，斑疹紫黑，麻疹不透，疮疡，湿疹，水火烫伤。
紫石英,温肾暖宫，镇心安神，温肺平喘。用于肾阳亏虚，宫冷不孕，惊悸不安，失眠多梦，虚寒咳喘。
紫苏梗,理气宽中，止痛，安胎。用于胸膈痞闷，胃脘疼痛，嗳气呕吐，胎动不安。
紫苏叶,解表散寒，行气和胃。用于风寒感冒，咳嗽呕恶，妊娠呕吐，鱼蟹中毒。
南鹤虱,杀虫消积。用于蛔虫病，蛲虫病，绦虫病，虫积腹痛，小儿疳积。
紫菀,润肺下气，消痰止咳。用于痰多喘咳，新久咳嗽，劳嗽咳血。
紫珠叶,凉血收敛止血，散瘀解毒消肿。用于衄血，咯血，吐血，便血，崩漏，外伤出血，热毒疮疡，水火烫伤。
自然铜,散瘀止痛，续筋接骨。用于跌打损伤，筋骨折伤，瘀肿疼痛。
生姜,解表散寒，温中止呕，化痰止咳，解鱼蟹毒。用于风寒感冒，胃寒呕吐，寒痰咳嗽，鱼蟹中毒。
西瓜霜,清热泻火，消肿止痛。用于咽喉肿痛，喉痹，口疮。
五味子,收敛固涩，益气生津，补肾宁心。用于久嗽虚喘，梦遗滑精，遗尿尿频，久泻不止，自汗盗汗，津伤口渴，内热消渴，心悸失眠。
三棱,破血行气，消积止痛。用于癥瘕痞块，痛经，瘀血经闭，胸痹心痛，食积胀痛。
五倍子,敛肺降火，涩肠止泻，敛汗，止血，收湿敛疮。用于肺虚久咳，肺热痰嗽，久泻久痢，自汗盗汗，消渴，便血痔血，外伤出血，痈肿疮毒，皮肤湿烂。
枳实,破气消积，化痰散痞。用于积滞内停，痞满胀痛，泻痢后重，大便不通，痰滞气阻，胸痹，结胸，脏器下垂。
乳香,活血定痛，消肿生肌。用于胸痹心痛，胃脘疼痛，痛经经闭，产后瘀阻，癥瘕腹痛，风湿痹痛，筋脉拘挛，跌打损伤，痈肿疮疡。
西河柳,发表透疹，袪风除湿。用于麻疹不透，风湿痹痛。
焦栀子,凉血止血。用于血热吐血，衄血，尿血，崩漏。
豨莶草,祛风湿，利关节，解毒。用于风湿痹痛，筋骨无力，腰膝酸软，四肢麻痹，半身不遂，风疹湿疮。
香加皮,利水消肿，祛风湿，强筋骨。用于下肢浮肿，心悸气短，风寒湿痹，腰膝酸软。
当药,清湿热，健胃。用于湿热黄疸，胁痛，痢疾腹痛，食欲不振。
海金沙,清利湿热，通淋止痛。用于热淋，石淋，血淋，膏淋，尿道涩痛。
枸骨叶,清热养阴，益肾，平肝。用于肺痨咯血，骨蒸潮热，头晕目眩。
虫白蜡,按甘益血补中，温能通经活络，故书载能止痛生肌，补虚续绝
朱砂根,解毒消肿，活血止痛，祛风除湿。用于咽喉肿痛，风湿痹痛，跌打损伤。
厚朴花,芳香化湿，理气宽中。用于脾胃湿阴气滞，胸脘痞闷胀满，纳谷不香。
竹节参,散瘀止血，消肿止痛，祛痰止咳，补虚强壮。用于痨嗽咯血，跌扑损伤，咳嗽痰多，病后虚弱。
华山参,温肺祛痰，平喘止咳，安神镇惊。用于寒痰喘咳，惊悸失眠。
合欢花,解郁安神。用于心神不安，忧郁失眠。
关黄柏,清热燥湿，泻火除蒸，解毒疗疮。用于湿热泻痢，黄疸尿赤，带下阴痒，热淋涩痛，脚气痿躄，骨蒸劳热，盗汗，遗精，疮疡肿毒，湿疹湿疮。盐关黄柏滋阴降火。用于阴虚火旺，盗汗骨蒸。
灯盏细辛,活血通络止痛，祛风散寒。用于中风偏瘫，胸痹心痛，风湿痹痛，头痛，牙痛。
禹州漏芦,清热解毒，消痈，下乳，舒筋通脉。用于乳痈肿痛，痈疽发背，瘰疬疮毒，乳汁不通，湿痹拘挛。
川木通,利尿通淋，清心除烦，通经下乳。用于淋证，水肿，心烦尿赤，口舌生疮，经闭乳少，湿热痹痛。
红芪,补气升阳，固表止汗，利水消肿，生津养血，行滞通痹，托毒排脓，敛疮生肌。用于气虚乏力，食少便溏，中气下陷，久泻脱肛，便血崩漏，表虚自汗，气虚水肿，内热消渴，血虚萎黄，半身不遂，痹痛麻木，痈疽难溃，久溃不敛。
稻芽,消食和中，健脾开胃。用于食积不消，腹胀口臭，脾胃虚弱，不饥食少。炒稻芽偏于消食。用于不饥食少。焦稻芽善化积滞。用于积滞不消。
炙红芪,补中益气。用于气虚乏力，食少便溏。
洪连,清热，解毒，利湿，平肝，行血，调经。用于发热烦渴，肺热咳嗽，头痛眩晕，湿热黄疸，月经不调，药食中毒。
千金子霜,泻下逐水，破血消癥；外用疗癣蚀疣。用于二便不通，水肿，痰饮，积滞胀满，血瘀经闭；外治顽癣，赘疣。
花蕊石,化瘀止血。用于咯血，吐血，外伤出血，跌扑伤痛。
大豆黄卷,解表祛暑，清热利湿。用于暑湿感冒，湿温初起，发热汗少，胸闷脘痞，肢体酸重，小便不利。
秦皮,清热燥湿，收涩止痢，止带，明目。用于湿热泻痢，赤白带下，目赤肿痛，目生翳膜。
暴马子皮,清肺祛痰，止咳平喘。用于咳喘痰多。
珠子参,补肺养阴，祛瘀止痛，止血。用于气阴两虚，烦热口渴，虚劳咳嗽，跌扑损伤，关节痹痛，咳血，吐血，衄血，崩漏，外伤出血。
僵蚕,息风止痉，祛风止痛，化痰散结。用于肝风夹痰，惊痫抽搐，小儿急惊，破伤风，中风口，风热头痛，目赤咽痛，风疹瘙痒，发颐痄腮。
全蝎,息风镇痉，通络止痛，攻毒散结。用于肝风内动，痉挛抽搐，小儿惊风，中风口㖞，半身不遂，破伤风，风湿顽痹，偏正头痛，疮疡，瘰疬。
山银花,清热解毒，疏散风热。用于痈肿疔疮，喉痹，丹毒，热毒血痢，风热感冒，温病发热。
广金钱草,利湿退黄，利尿通淋。用于黄疸尿赤，热淋，石淋，小便涩痛，水肿尿少。
粉葛,解肌退热，生津止渴，透疹，升阳止泻，通经活络，解酒毒。用于外感发热头痛，项背强痛，口渴，消渴，麻疹不透，热痢，泄泻，眩晕头痛，中风偏瘫，胸痹心痛，酒毒伤中。
马齿苋,清热解毒，凉血止血，止痢。用于热毒血痢，痈肿疔疮，湿疹，丹毒，蛇虫咬伤，便血，痔血，崩漏下血。
粉萆薢,利湿去浊，祛风除痹。用于膏淋，白浊，白带过多，风湿痹痛，关节不利，腰膝疼痛。
骨碎补,疗伤止痛，补肾强骨；外用消风祛斑。用于跌扑闪挫，筋骨折伤，肾虚腰痛，筋骨痿软，耳鸣耳聋，牙齿松动；外治斑秃，白癜风。
两头尖,祛风湿，消痈肿。用于风寒湿痹，四肢拘挛，骨节疼痛，痈肿溃烂。
红大戟,泻水逐饮，消肿散结。用于水肿胀满，胸腹积水，痰饮积聚，气逆咳喘，二便不利，痈肿疮毒，瘰疬痰核。
狼毒,散结，杀虫。外用于淋巴结结核、皮癣；灭蛆。
漏芦,清热解毒，消痈，下乳，舒筋通脉。用于乳痈肿痛，痈疽发背，瘰疬疮毒，乳汁不通，湿痹拘挛。
片姜黄,破血行气，通经止痛。用于胸胁刺痛，胸痹心痛，痛经经闭，癥瘕，风湿肩臂疼痛，跌扑肿痛。
红景天,益气活血，通脉平喘。用于气虚血瘀，胸痹心痛，中风偏瘫，倦怠气喘。
独一味,活血止血，祛风止痛。用于跌打损伤，外伤出血，风湿痹痛，黄水病。
炮姜,温经止血，温中止痛。用于阳虚失血，吐衄崩漏，脾胃虚寒，腹痛吐泻。
锦灯笼,清热解毒，利咽化痰，利尿通淋。用于咽痛音哑，痰热咳嗽，小便不利，热淋涩痛；外治天疱疮，湿疹。
柿蒂,降逆止呃。用于呃逆。
荜澄茄,温中散寒，行气止痛。用于胃寒呕逆，脘腹冷痛，寒疝腹痛，寒湿郁滞，小便浑浊。
谷芽,消食和中，健脾开胃。用于食积不消，腹胀口臭，脾胃虚弱，不饥食少。炒谷芽偏于消食，用于不饥食少。焦谷芽善化积滞，用于积滞不消。
马兜铃,清肺降气，止咳平喘，清肠消痔。用于肺热咳喘，痰中带血，肠热痔血，痔疮肿痛。
水飞蓟,清热解毒，疏肝利胆。用于肝胆湿热，胁痛，黄疸。
水红花子,散血消癥，消积止痛，利水消肿。用于癥瘕痞块，瘿瘤，食积不消，胃脘胀痛，水肿腹水。
娑罗子,疏肝理气，和胃止痛。用于肝胃气滞，胸腹胀闷，胃脘疼痛。
杜仲叶,补肝肾，强筋骨。用于肝肾不足，头晕目眩，腰膝酸痛，筋骨痿软。
榧子,杀虫消积，润肺止咳，润燥通便。用于钩虫病，蛔虫病，绦虫病，虫积腹痛，小儿疳积，肺燥咳嗽，大便秘结。
黑豆,益精明目，养血祛风，利水，解毒。用于阴虚烦渴，头晕目昏，体虚多汗，肾虚腰痛，水肿尿少，痹痛拘挛，手足麻木，药食中毒。
车前草,清热利尿通淋，祛痰，凉血，解毒。用于热淋涩痛，水肿尿少，暑湿泄泻，痰热咳嗽，吐血衄血，痈肿疮毒。
白屈菜,解痉止痛，止咳平喘。用于胃脘挛痛，咳嗽气喘，百日咳。
断血流,收敛止血。用于崩漏，尿血，鼻衄，牙龈出血，创伤出血。
浮萍,宣散风热，透疹，利尿。用于麻疹不透，风疹瘙痒，水肿尿少。
翻白草,清热解毒，止痢，止血。用于湿热泻痢，痈肿疮毒，血热吐衄，便血，崩漏。
瞿麦,利尿通淋，活血通经。用于热淋，血淋，石淋，小便不通，淋沥涩痛，经闭瘀阻。
千里光,清热解毒，明目，利湿。用于痈肿疮毒，感冒发热，目赤肿痛，泄泻痢疾，皮肤湿疹。
鸭跖草,清热泻火，解毒，利水消肿。用于感冒发热，热病烦渴，咽喉肿痛，水肿尿少，热淋涩痛，痈肿疔毒。
杠板归,清热解毒，利水消肿，止咳。用于咽喉肿痛，肺热咳嗽，小儿顿咳，水肿尿少，湿热泻痢，湿疹，疖肿，蛇虫咬伤。
大青盐,清热，凉血，明目。用于吐血，尿血，牙龈肿痛出血，目赤肿痛，风眼烂弦。
芫花,泻水逐饮；外用杀虫疗疮。用于水肿胀满，胸腹积水，痰饮积聚，气逆咳喘，二便不利；外治疥癣秃疮，痈肿，冻疮。
九里香,行气止痛，活血散瘀。用于胃痛，风湿痹痛；外治牙痛，跌扑肿痛，虫蛇咬伤。
棕榈,收敛止血。用于吐血，衄血，尿血，便血，崩漏。
雷丸,杀虫消积。用于绦虫病，钩虫病，蛔虫病，虫积腹痛，小儿疳积。
蛇蜕,祛风，定惊，退翳，解毒。用于小儿惊风，抽搐痉挛，翳障，喉痹，疔肿，皮肤瘙痒。
水牛角,清热凉血，解毒，定惊。用于温病高热，神昏谵语，发斑发疹，吐血衄血，惊风，癫狂。
穿山甲,活血消癥，通经下乳，消肿排脓，搜风通络。用于经闭癥瘕，乳汁不通，痈肿疮毒，风湿痹痛，中风瘫痪，麻木拘挛。
巫山淫羊藿,补肾阳，强筋骨，祛风湿。用于肾阳虚衰，阳痿遗精，筋骨痿软，风湿痹痛，麻木拘挛，绝经期眩晕。
羚羊角,平肝息风，清肝明目，散血解毒。用于肝风内动，惊痫抽搐，妊娠子痫，高热痉厥，癫痫发狂，头痛眩晕，目赤翳障，温毒发斑，痈肿疮毒。
白矾,外用解毒杀虫，燥湿止痒；内服止血止泻，祛除风痰。外治用于湿疹，疥癣，脱肛，痔疮，聤耳流脓；内服用于久泻不止，便血，崩漏，癫痫发狂。枯矾收湿敛疮，止血化腐。用于湿疹湿疮，脱肛，痔疮，聤耳流脓，阴痒带下，鼻衄齿衄，鼻瘜肉。
艾片,开窍醒神，清热止痛。用于热病神昏、痉厥，中风痰厥，气郁暴厥，中恶昏迷，目赤，口疮，咽喉肿痛，耳道流脓。
